{
  "symbolic": {
    "score": 0.37779444259532996,
    "count": 10
  },
  "numeric": {
    "score": 0.37234857081032996,
    "count": 10
  },
  "llm": {
    "score": 0.65565653225533,
    "count": 10
  }
}