{
  "symbolic": {
    "score": 0.12727127574871971,
    "count": 76
  },
  "numeric": {
    "score": 0.2398534947931823,
    "count": 76
  },
  "llm": {
    "score": 0.715798276572847,
    "count": 76
  }
}