{
  "agent": "zafira-psi0",
  "timestamp": "2026-04-17T21:58:43.985980",
  "state_vector": [
    0.13,
    0.18,
    0.9,
    0.8,
    0.7
  ],
  "latent_representation": [
    0.18764963837596313,
    0.1601894581122567,
    -0.11149808833650454,
    0.04416736169539837
  ],
  "chosen_action": "A1",
  "chosen_executor": "symbolic_solver",
  "internal_score": 0.9,
  "advantage": 0.5271209304610831,
  "raw_probabilities": {
    "A1": 0.361166131374389,
    "A2": 0.3217225306148178,
    "A3": 0.3171113380107931
  },
  "blended_probabilities": {
    "A1": 0.42973293675606167,
    "A2": 0.300080491405493,
    "A3": 0.27018657183844524
  },
  "best_decision": {
    "input": "solve x**2 - 4 = 0",
    "stage": "F",
    "interpretation": "Organizando estrutura do conteúdo",
    "coherence": 0.215,
    "structure": 0.358,
    "variation": 1.085
  },
  "ranking": [
    {
      "input": "solve x**2 - 4 = 0",
      "stage": "F",
      "interpretation": "Organizando estrutura do conteúdo",
      "coherence": 0.215,
      "structure": 0.358,
      "variation": 1.085
    }
  ],
  "network_status": [
    {
      "executor": "v1",
      "score": 1.0,
      "config": {
        "length_weight": 0.3,
        "word_weight": 0.3,
        "complexity_weight": 0.4
      }
    },
    {
      "executor": "v2",
      "score": 0.9,
      "config": {
        "length_weight": 0.3108932844160833,
        "word_weight": 0.32465963014032073,
        "complexity_weight": 0.31755363683754934
      }
    },
    {
      "executor": "llm",
      "score": 0.95,
      "config": {}
    }
  ],
  "specialization": {
    "A1": {
      "wins": 11,
      "total": 22
    },
    "A2": {
      "wins": 2,
      "total": 7
    },
    "A3": {
      "wins": 0,
      "total": 6
    }
  },
  "meta_policy_stats": {
    "A1": {
      "correct": 11,
      "total": 22
    },
    "A2": {
      "correct": 2,
      "total": 7
    },
    "A3": {
      "correct": 0,
      "total": 6
    }
  },
  "latent_encoder_weights": [
    [
      -0.07849034382141439,
      0.07314312679076698,
      -0.020622524400176055,
      -0.019235458493249924
    ],
    [
      -0.19969421906077578,
      0.23977188522548604,
      0.07779540456145066,
      0.07258800913267546
    ],
    [
      0.15131062580395255,
      0.09607327110604887,
      0.053076588648739945,
      0.10379154874771677
    ],
    [
      0.07499793649452575,
      0.08311167816844972,
      -0.17051563239624165,
      -0.04249570886259959
    ],
    [
      0.059769135849754275,
      -0.06051706453890425,
      -0.05115920929295931,
      -0.036174005515844376
    ]
  ],
  "task_type": "algebra"
}