{
  "agent": "zafira-psi0",
  "timestamp": "2026-04-19T16:19:58.725486",
  "state_vector": [
    0.13,
    0.18,
    0.9,
    0.8,
    0.7
  ],
  "latent_representation": [
    0.20418917380066576,
    0.1642166061156082,
    -0.12057732398514806,
    0.04506798348809168
  ],
  "chosen_action": "A3",
  "chosen_executor": "llm_solver",
  "internal_score": 0.2,
  "advantage": -0.0622661493883947,
  "raw_probabilities": {
    "A1": 0.3350376282303562,
    "A2": 0.33655136532928576,
    "A3": 0.328411006440358
  },
  "blended_probabilities": {
    "A1": 0.4033889495932008,
    "A2": 0.31651498419434926,
    "A3": 0.28009606621244987
  },
  "best_decision": {
    "input": "solve 2*y + 5 = 15",
    "stage": "F",
    "interpretation": "Organizando estrutura do conteúdo",
    "coherence": 0.215,
    "structure": 0.358,
    "variation": 1.085
  },
  "ranking": [
    {
      "input": "solve 2*y + 5 = 15",
      "stage": "F",
      "interpretation": "Organizando estrutura do conteúdo",
      "coherence": 0.215,
      "structure": 0.358,
      "variation": 1.085
    }
  ],
  "network_status": [
    {
      "executor": "v1",
      "score": 1.0,
      "config": {
        "length_weight": 0.3,
        "word_weight": 0.3,
        "complexity_weight": 0.4
      }
    },
    {
      "executor": "v2",
      "score": 0.9,
      "config": {
        "length_weight": 0.3108932844160833,
        "word_weight": 0.32465963014032073,
        "complexity_weight": 0.31755363683754934
      }
    },
    {
      "executor": "llm",
      "score": 0.95,
      "config": {}
    }
  ],
  "specialization": {
    "A1": {
      "wins": 45,
      "total": 142
    },
    "A2": {
      "wins": 24,
      "total": 95
    },
    "A3": {
      "wins": 15,
      "total": 105
    }
  },
  "meta_policy_stats": {
    "A1": {
      "correct": 45,
      "total": 142
    },
    "A2": {
      "correct": 24,
      "total": 95
    },
    "A3": {
      "correct": 15,
      "total": 105
    }
  },
  "latent_encoder_weights": [
    [
      -0.07748495381035263,
      0.07332427306090196,
      -0.021154648792525203,
      -0.019200777228045533
    ],
    [
      -0.20055322656389582,
      0.23713857505521116,
      0.07849214458347545,
      0.07181798111139301
    ],
    [
      0.15827101818822678,
      0.09732736066852174,
      0.049392650547860996,
      0.10403164981451628
    ],
    [
      0.08118495194721398,
      0.08422642444620333,
      -0.17379024404146712,
      -0.04228228569211113
    ],
    [
      0.0651827743708565,
      -0.05954166154586982,
      -0.05402449448253179,
      -0.035987260241667006
    ]
  ],
  "task_type": "algebra"
}