{
  "agent": "zafira-psi0",
  "timestamp": "2026-04-17T22:42:19.588069",
  "state_vector": [
    0.13,
    0.18,
    0.9,
    0.8,
    0.7
  ],
  "latent_representation": [
    0.20551160668441595,
    0.17415035683664504,
    -0.12225256911817488,
    0.04808674373198557
  ],
  "chosen_action": "A3",
  "chosen_executor": "llm_solver",
  "internal_score": 0.2,
  "advantage": -0.1278355646010026,
  "raw_probabilities": {
    "A1": 0.33631018548414904,
    "A2": 0.32040977861251635,
    "A3": 0.34328003590333445
  },
  "blended_probabilities": {
    "A1": 0.40668636169522354,
    "A2": 0.3016605356267753,
    "A3": 0.29165310267800115
  },
  "best_decision": {
    "input": "solve 2*y + 5 = 15",
    "stage": "F",
    "interpretation": "Organizando estrutura do conteúdo",
    "coherence": 0.215,
    "structure": 0.358,
    "variation": 1.085
  },
  "ranking": [
    {
      "input": "solve 2*y + 5 = 15",
      "stage": "F",
      "interpretation": "Organizando estrutura do conteúdo",
      "coherence": 0.215,
      "structure": 0.358,
      "variation": 1.085
    }
  ],
  "network_status": [
    {
      "executor": "v1",
      "score": 1.0,
      "config": {
        "length_weight": 0.3,
        "word_weight": 0.3,
        "complexity_weight": 0.4
      }
    },
    {
      "executor": "v2",
      "score": 0.9,
      "config": {
        "length_weight": 0.3108932844160833,
        "word_weight": 0.32465963014032073,
        "complexity_weight": 0.31755363683754934
      }
    },
    {
      "executor": "llm",
      "score": 0.95,
      "config": {}
    }
  ],
  "specialization": {
    "A1": {
      "wins": 25,
      "total": 62
    },
    "A2": {
      "wins": 7,
      "total": 29
    },
    "A3": {
      "wins": 8,
      "total": 32
    }
  },
  "meta_policy_stats": {
    "A1": {
      "correct": 25,
      "total": 62
    },
    "A2": {
      "correct": 7,
      "total": 29
    },
    "A3": {
      "correct": 8,
      "total": 32
    }
  },
  "latent_encoder_weights": [
    [
      -0.07743477376661605,
      0.07394787559470359,
      -0.021240911769139434,
      -0.01901565678902756
    ],
    [
      -0.19857938067887881,
      0.24047169563280316,
      0.07715742412948542,
      0.07277482227278344
    ],
    [
      0.15861841849101815,
      0.101644608979456,
      0.04879544532514726,
      0.10531325285387155
    ],
    [
      0.08149375221636189,
      0.0880639785003671,
      -0.17432109312832395,
      -0.04114308299046197
    ],
    [
      0.0654529746063609,
      -0.05618380174847652,
      -0.054488987433531394,
      -0.03499045787772398
    ]
  ],
  "task_type": "algebra"
}