{
  "length_weight": 0.37994404148328986,
  "word_weight": 0.39521762770709,
  "complexity_weight": 0.42007550817805395
}