{
  "C": {
    "A1": 0.3,
    "A2": 0.3,
    "A3": 0.4
  },
  "F": {
    "A1": 0.624402232685692,
    "A2": 0.5759690622416354,
    "A3": 0.6385230945413405
  },
  "A": {
    "A1": 0.39521373129386883,
    "A2": 0.298195094895135,
    "A3": 0.2929565741209871
  }
}