{
  "C": {
    "A1": 0.3,
    "A2": 0.3,
    "A3": 0.4
  },
  "F": {
    "A1": 0.6452499363968307,
    "A2": 0.503245307583466,
    "A3": 0.4888087759077761
  },
  "A": {
    "A1": 0.39521373129386883,
    "A2": 0.298195094895135,
    "A3": 0.2929565741209871
  }
}