{
  "C": {
    "A1": 0.3,
    "A2": 0.3,
    "A3": 0.4
  },
  "F": {
    "A1": 0.6005162500853776,
    "A2": 0.605024184780236,
    "A3": 0.5774259863878397
  },
  "A": {
    "A1": 0.39521373129386883,
    "A2": 0.298195094895135,
    "A3": 0.2929565741209871
  }
}