{
  "A1": 0.28968155237899973,
  "A2": 0.41078698606273806,
  "A3": 0.29953146155826216
}