{
  "A1": 0.37016130638910577,
  "A2": 0.3481972066552794,
  "A3": 0.2816414869556149
}