{
  "A1": 0.314078681777326,
  "A2": 0.3753939185367504,
  "A3": 0.3105273996859235
}