{
  "A1": 0.34647323263205876,
  "A2": 0.36347874380649137,
  "A3": 0.2900480235614498
}