{
  "weights": [
    0.10501913026369772,
    0.1051853465247428,
    0.1215290448963116,
    0.11984739552573742,
    0.11781051279065524,
    0.12387615029850034,
    0.10397196489690069,
    0.11002085092226455,
    0.11325785038100994,
    0.12392116099590178,
    0.1,
    0.1
  ],
  "cycles": 3
}