{
  "length_weight": 0.36702120928886983,
  "word_weight": 0.33444741352342144,
  "complexity_weight": 0.32105160437243146
}