{
  "length_weight": 0.3515107507988174,
  "word_weight": 0.2312087817067246,
  "complexity_weight": 0.3198395584885717
}