{
  "length_weight": 0.22031579720970335,
  "word_weight": 0.310540762641703,
  "complexity_weight": 0.42797718034031723
}