{
  "length_weight": 0.2478048204572276,
  "word_weight": 0.37506563029800666,
  "complexity_weight": 0.4162306599031997
}