{
  "length_weight": 0.34723924590398836,
  "word_weight": 0.23407766223292065,
  "complexity_weight": 0.422180997471201
}