{
  "C": {
    "A1": 0.3,
    "A2": 0.3,
    "A3": 0.4
  },
  "F": {
    "A1": 0.37430124522382635,
    "A2": 0.38218728451303957,
    "A3": 0.5565484901718706
  },
  "A": {
    "A1": 0.39521373129386883,
    "A2": 0.298195094895135,
    "A3": 0.2929565741209871
  }
}