{
  "A1": 0.360741139578703,
  "A2": 0.31982631807347367,
  "A3": 0.3194325423478235
}