{
    "avg_initial_entropy": 1.1497587142668777,
    "avg_final_entropy": 1.4043034810036434,
    "stability_gain": 0,
    "status": "VALIDADO N10.5"
}