{
    "intra_class_dist": 0.0,
    "inter_class_dist": 0.18808611006308423,
    "separation_ratio": 188086110.06308421,
    "avg_contrast_loss": 0.5628702931293137,
    "status": "VALIDADO N17"
}